n,\delta,T_{avg}
16,6.906622391776103e-15,0.0002524599999999999
10000,5.1830342510443897e-14,0.045123319999999995
50000,1.5393951981921677e-13,0.15791898000000001
100000,4.681482376769146e-14,0.51878695
300000,5.066539517131064e-13,1.16893616
500000,1.2844098793303182e-13,1.9347296099999998
