n,\delta,T_{avg}
16,3.744431865468923e-16,0.00109396
10000,3.506881556722316e-16,0.11479150999999999
50000,4.057095823578191e-16,0.47537659000000004
100000,2.986658830105658e-16,1.37272028
300000,4.006581448861896e-16,3.2001484400000004
500000,3.983755283200343e-16,5.371601289999999
