n,\delta,T_{avg}
16,6.906622391776103e-15,0.00025711000000000006
10000,5.1830342510443897e-14,0.06438329000000001
50000,1.5393951981921677e-13,0.22769059
100000,4.681482376769146e-14,0.7368947699999999
300000,5.066539517131064e-13,1.6909375
500000,1.2844098793303182e-13,2.85026611
