n,\delta,T_{avg}
16,3.488821756485609e-16,0.0010664300000000002
10000,3.4879383986397025e-16,0.03767926999999999
50000,4.011083832342482e-16,0.19369322
100000,2.9483811410155386e-16,0.5112361
300000,3.959134799391461e-16,1.2689679200000001
500000,3.944640686227618e-16,2.20211001
