n,\delta,T_{avg}
16,3.488821756485609e-16,0.0013120299999999998
10000,3.4879383986397025e-16,0.030736600000000003
50000,4.011083832342482e-16,0.13249991
100000,2.9483811410155386e-16,0.3679000500000001
300000,3.959134799391461e-16,0.8841777800000001
500000,3.944640686227618e-16,1.4890800299999998
