n,\delta,T_{avg}
16,6.9057300056503065e-15,0.00025429
10000,6.088918182764565e-14,0.01946633
50000,1.1781027273694962e-13,0.09075374
100000,6.037144640301416e-14,0.27566229
300000,3.77994966263058e-13,0.7267838099999999
500000,1.1468784565401847e-13,1.2272564000000001
