n,\delta,T_{avg}
16,6.9057300056503065e-15,0.00023683
10000,6.088918182764565e-14,0.0161898
50000,1.1781027273694962e-13,0.07584769999999999
100000,6.037144640301416e-14,0.19815371999999998
300000,3.77994966263058e-13,0.5000698
500000,1.1468784565401847e-13,0.84703932
