n,\delta,T_{avg}
16,3.744431865468923e-16,0.0034780699999999998
10000,3.506881556722316e-16,0.08418517
50000,4.057095823578191e-16,0.32263144999999993
100000,2.986658830105658e-16,0.94016491
300000,4.006581448861896e-16,2.16693902
500000,3.983755283200343e-16,3.6984156000000006
